{
  "Host": {
    "TrexPairsLocation": "C:\\Users\\Administrator\\Desktop\\ProfitTrailer\\ProfitTrailer\\trading",
    "PoloPairsLocation": "",
    "BinancePairsLocation": "",
    "LicenseKey": "YOUR KEY GOES HERE",
    "ServerUrls": "http://localhost:8083",
    "MarketConditionCheckInMinutes": "3",
    "CalculateTrailingValues": "true",
    "UseMaxCostPercentage": "true",
    "UseMinBuyBalancePercentage": "true",
    "TelegramBotId": "",
    "TelegramChatId": ""
  },
  "Serilog": {
    "MinimumLevel": "Debug"
  }
}
